[{"@type":"mappingTemplate","id":"@1","name":"Mapping_RESTV2","description":"","autoExpireObject":false,"bundleVersion":"0","assetFrsGuid":"9BAl8vU1Qz6cy1jnYi6vu4","templateId":"@3","hasParameters":false,"valid":true,"fixedConnection":true,"hasParametersDeployed":false,"fixedConnectionDeployed":false,"isSchemaValidationEnabled":false,"tasks":0,"mappingPreviewFileRecordId":"@2","documentType":"MAPPING","references":[{"@type":"reference","refObjectId":"@95aAZrE4SPFbTnzj1oOJiC","refType":"connection"},{"@type":"reference","refObjectId":"@2TPCUVhY3Qxe7osc2Ckpuz","refType":"connection"}]}]